endpoint,analysis,label,events_dual,events_single,hr,hr_lo,hr_hi,p,s3_dual,s3_single,s5_dual,s5_single,rmst5_diff,rmst5_lo,rmst5_hi,ph_p
EFS,main,Primary: overlap weighting,62,68,0.888883076620349,0.468891080475274,1.68506750672499,0.718135029994062,0.909413572384234,0.864721551961613,0.886430538064264,0.811623083373556,0.168927570724158,-0.388445216754228,0.726300358202544,0.393975206914639
EFS,S1,"S1: 2016-2019 only, overlap weighting",37,9,0.742859852118638,0.289950126181657,1.90322648641991,0.535747333731011,0.932660935622166,0.838387691037698,0.897075135668053,0.75652954397202,0.359865360601294,-0.36873876411868,1.08846948532127,0.257335846808913
EFS,S2,S2: 1:1 propensity-score matching,9.35,11.15,0.848260044729545,0.337806104270422,2.1300535851435,0.725489690289332,,,,,,,,
EFS,S3,S3: multivariable regression,62,68,0.944017735037445,0.525424795483694,1.69609331673211,0.847188632829478,,,,,,,,
EFS,S6,"S6: complete cases, overlap weighting",47,56,0.999254310003633,0.482938996622999,2.06756791860466,0.998395636848259,0.933185580673649,0.875683219834847,0.909724072100873,0.850854893861289,0.227185827533052,-0.36971730484817,0.824088959914275,0.2519635470933
OS,main,Primary: overlap weighting,34,53,0.757049327788597,0.344604828854245,1.66313306348814,0.488230659916236,0.961328014188684,0.906115371649825,0.895982445233402,0.869211813706531,0.0806228701222083,-0.30385405396514,0.465099794209556,0.462461231447999
OS,S1,"S1: 2016-2019 only, overlap weighting",21,8,0.559727843554362,0.194329091093018,1.61218918427429,0.282316846792925,0.962861873749761,0.859539201185039,0.901115965293598,0.826600263944211,0.184298961032854,-0.359732701760952,0.72833062382666,0.622398137717545
OS,S2,S2: 1:1 propensity-score matching,7.35,10.75,0.749148561557751,0.275024939393568,2.04062791004172,0.57123638196768,,,,,,,,
OS,S3,S3: multivariable regression,34,53,0.68489186163944,0.324427268055488,1.44586139430089,0.320797206538091,,,,,,,,
OS,S6,"S6: complete cases, overlap weighting",26,43,0.93740802713432,0.376805580286849,2.33206155988165,0.889448106855829,0.95906507757591,0.919717865451186,0.915533557772994,0.876087868142237,0.0835223746010474,-0.319636828237832,0.486681577439926,0.318239363449817
