item,group,value
median_followup_years,all,6.16837782340862
median_followup_years,single,10.6858316221766
median_followup_years,dual,5.07871321013005
adjuvant_tdm1_pct,single,2.51256281407035
adjuvant_tdm1_pct,dual,31.7307692307692
adjuvant_tdm1_pct_non_pcr,single,4.58715596330275
adjuvant_tdm1_pct_non_pcr,dual,59.7285067873303
efs_events_rare_assumption,all,0
n,single,199
n,dual,416
pcr_n,single,90
pcr_n,dual,195
pcr_strict_n,single,56
pcr_strict_n,dual,133
n_period,single_2012_2015,156
pcr_n_period,single_2012_2015,73
n_period,dual_2012_2015,6
pcr_n_period,dual_2012_2015,3
n_period,single_2016_2019,38
pcr_n_period,single_2016_2019,17
n_period,dual_2016_2019,171
pcr_n_period,dual_2016_2019,90
n_period,single_2020_2023,5
pcr_n_period,single_2020_2023,0
n_period,dual_2020_2023,239
pcr_n_period,dual_2020_2023,102
