covariate,smd_before,smd_after,max_abs_after
age,0.0537739589285706,-0.000000000100338937158995,0.000000000116955334306113
postmenopausal,-0.0509672411790853,-0.00000000000652138898438182,0.00000000000793320964476152
ecog_0,0.0768100932517139,0.00000000000283604251194447,0.00000000000452571313758199
ecog_1,-0.054065795713072,-0.00000000000190418791845559,0.00000000000313787884564931
ecog_2,-0.0769297267237017,-0.000000000000931955554395181,0.00000000000138671019112024
bmi,0.0797051380012371,-0.00000000000958966239750225,0.0000000000136139988171635
lvef,-0.0847166384267158,-0.0000000000184321891083528,0.0000000000262616595136933
ct_T1,-0.0311423288229038,0.00000000000221367230102132,0.00000000000374690556359525
ct_T2,0.0240431383153697,0.000000000000167360569847119,0.000000000000885402862138562
ct_T3,0.0532291619112337,-0.000000000000223565610468768,0.000000000000702965463617034
ct_T4,-0.0752636272284504,-0.00000000000215750611820553,0.00000000000356661922218393
cn_N0,0.00398363124153628,-0.00000000000228090601961384,0.0000000000034074409960283
cn_N1,-0.00241979078339663,-0.00000000000496143404138394,0.00000000000779354358826367
cn_N2,-0.00310929972501965,-0.000000000000770100649916117,0.00000000000171176961494268
cn_N3,0.00152513739193844,0.00000000000801245667036987,0.0000000000113917417166043
hr_positive,-0.0121392835467866,0.00000000000424207891036588,0.00000000000568445290838326
her2_ihc3,-0.023109496237136,-0.00000000000211780037950859,0.00000000000419619894387324
grade_1,-0.0132779627406731,-0.00000000000112770279225849,0.00000000000202510230806752
grade_2,-0.0561422211166201,-0.00000000000245652109764905,0.0000000000050620618807784
grade_3,0.0615344036789804,0.00000000000358419960377887,0.0000000000060606519802775
ki67,-0.0495689686044524,0.0000000000992759652262976,0.000000000152972745581792
anthracycline,-0.54588731436171,-0.00000000000534384203554339,0.00000000000741090522282661
year,2.58220719019442,0.000000000140187239594525,0.000000000195768734556623
