group,metric,value
dual,ps_median,0.99086903182009
single,ps_median,0.0526784578700769
dual,ps_q1,0.922846341842718
single,ps_q1,0.0135707645633182
dual,ps_q3,0.999232302869629
single,ps_q3,0.21356017698913
dual,in_common_support,0.649038461538462
single,in_common_support,0.718592964824121
2012-2015,weight_share,0.232506917197333
2016-2019,weight_share,0.67569107093666
2020-2023,weight_share,0.0918020118660092
dual,tdm1_pct_non_pcr_2012_2019,0
single,tdm1_pct_non_pcr_2012_2019,0
dual,n_operated_elsewhere,6
single,n_operated_elsewhere,10
dual,n_progression_before_surgery,4
single,n_progression_before_surgery,5
