Characteristic,Overall N = 613,Trastuzumab + pertuzumab N = 416,Trastuzumab alone N = 197,SMD
"Age at diagnosis, years",50.9 (43.6–58.4),50.7 (43.8–59.1),51.5 (42.6–57.6),0.05
Missing,1,1,0,
Menopausal status,,,,0.05
Premenopausal,266 (43.4%),184 (44.2%),82 (41.6%),
Postmenopausal,347 (56.6%),232 (55.8%),115 (58.4%),
ECOG performance status,,,,0.10
0,448 (73.1%),309 (74.3%),139 (70.6%),
1,154 (25.1%),101 (24.3%),53 (26.9%),
2,11 (1.8%),6 (1.4%),5 (2.5%),
"BMI, kg/m²",24.0 (21.3–26.7),24.1 (21.5–26.9),24.0 (21.2–26.3),0.10
"Baseline LVEF, %",65.0 (61.0–68.0),65.0 (61.0–68.0),65.0 (62.0–68.0),-0.09
Clinical T category,,,,0.08
T1,49 (8.0%),32 (7.7%),17 (8.6%),
T2,347 (56.6%),237 (57.0%),110 (55.8%),
T3,139 (22.7%),97 (23.3%),42 (21.3%),
T4,78 (12.7%),50 (12.0%),28 (14.2%),
Clinical N category,,,,0.01
N0,179 (29.2%),122 (29.3%),57 (28.9%),
N1,290 (47.3%),196 (47.1%),94 (47.7%),
N2,82 (13.4%),56 (13.5%),26 (13.2%),
N3,62 (10.1%),42 (10.1%),20 (10.2%),
"Clinical stage (AJCC 8th, anatomic)",,,,0.09
IIA,139 (22.7%),94 (22.6%),45 (22.8%),
IIB,208 (33.9%),141 (33.9%),67 (34.0%),
IIIA,133 (21.7%),94 (22.6%),39 (19.8%),
IIIB,71 (11.6%),45 (10.8%),26 (13.2%),
IIIC,62 (10.1%),42 (10.1%),20 (10.2%),
Hormone receptor (ER or PR ≥1%),,,,0.01
Positive,355 (57.9%),240 (57.7%),115 (58.4%),
Negative,258 (42.1%),176 (42.3%),82 (41.6%),
HER2 status,,,,0.02
IHC 3+,473 (77.2%),320 (76.9%),153 (77.7%),
"IHC 2+, ISH amplified",140 (22.8%),96 (23.1%),44 (22.3%),
Histologic grade,,,,0.08
1,22 (3.9%),15 (3.9%),7 (3.9%),
2,257 (45.4%),171 (44.2%),86 (48.0%),
3,287 (50.7%),201 (51.9%),86 (48.0%),
Missing,47,29,18,
"Ki-67, %",44.0 (31.0–56.0),43.5 (31.0–56.0),44.0 (30.0–57.5),-0.06
Missing,71,54,17,
Neoadjuvant chemotherapy backbone,,,,0.54
Anthracycline-based,221 (36.1%),116 (27.9%),105 (53.3%),
Carboplatin-based,392 (63.9%),300 (72.1%),92 (46.7%),
Year of neoadjuvant therapy start,,,,2.79
2012–2015,160 (26.1%),6 (1.4%),154 (78.2%),
2016–2019,209 (34.1%),171 (41.1%),38 (19.3%),
2020–2023,244 (39.8%),239 (57.5%),5 (2.5%),
