citation_key,topic,doi,pmid,status,first_author,year,journal,title,title_similarity,volume_page_agree,checked_on
gianni2012neosphere,rct,10.1016/S1470-2045(11)70336-9,22153890,verified (Crossref + PubMed),Gianni,2012,Lancet Oncol,"Efficacy and safety of neoadjuvant pertuzumab and trastuzumab in women with locally advanced, inflammatory, or early HER2-positive breast cancer (NeoSphere): a randomised multicentre, open-label, phase 2 trial",1,TRUE,2026-10-09
gianni2016neosphere5y,rct,10.1016/S1470-2045(16)00163-7,27179402,verified (Crossref + PubMed),Gianni,2016,Lancet Oncol,"5-year analysis of neoadjuvant pertuzumab and trastuzumab in patients with locally advanced, inflammatory, or early-stage HER2-positive breast cancer (NeoSphere): a multicentre, open-label, phase 2 randomised trial",1,TRUE,2026-10-09
schneeweiss2013tryphaena,rct,10.1093/annonc/mdt182,23704196,verified (Crossref + PubMed),Schneeweiss,2013,Ann Oncol,Pertuzumab plus trastuzumab in combination with standard neoadjuvant anthracycline-containing and anthracycline-free chemotherapy regimens in patients with HER2-positive early breast cancer: a randomized phase II cardiac safety study (TRYPHAENA),1,TRUE,2026-10-09
shao2020peony,rct,10.1001/jamaoncol.2019.3692,31647503,verified (Crossref + PubMed),Shao,2020,JAMA Oncol,"Efficacy, Safety, and Tolerability of Pertuzumab, Trastuzumab, and Docetaxel for Patients With Early or Locally Advanced ERBB2-Positive Breast Cancer in Asia: The PEONY Phase 3 Randomized Clinical Trial",1,TRUE,2026-10-09
huang2024peonyfinal,rct,10.1038/s41467-024-45591-7,38461323,verified (Crossref + PubMed),Huang,2024,Nat Commun,Neoadjuvant-adjuvant pertuzumab in HER2-positive early breast cancer: final analysis of the randomized phase III PEONY trial,1,TRUE,2026-10-09
cortazar2014ctneobc,pcr,10.1016/S0140-6736(13)62422-8,24529560,verified (Crossref + PubMed),Cortazar,2014,Lancet,Pathological complete response and long-term clinical benefit in breast cancer: the CTNeoBC pooled analysis,1,TRUE,2026-10-09
vonminckwitz2017aphinity,rct,10.1056/NEJMoa1703643,28581356,verified (Crossref + PubMed),von Minckwitz,2017,N Engl J Med,Adjuvant Pertuzumab and Trastuzumab in Early HER2-Positive Breast Cancer,1,TRUE,2026-10-09
loibl2024aphinityos,rct,10.1200/JCO.23.02505,39259927,verified (Crossref + PubMed),Loibl,2024,J Clin Oncol,Adjuvant Pertuzumab and Trastuzumab in Early Human Epidermal Growth Factor Receptor 2-Positive Breast Cancer in the APHINITY Trial: Third Interim Overall Survival Analysis With Efficacy Update,1,TRUE,2026-10-09
bilici2023her2path,real_world,10.1080/0284186X.2023.2202330,37083566,verified (Crossref + PubMed),Bilici,2023,Acta Oncol,Impact of adding pertuzumab to trastuzumab plus chemotherapy in neoadjuvant treatment of HER2 positive breast cancer patients: a multicenter real-life HER2PATH study,1,TRUE,2026-10-09
fabbri2023neopearl,real_world,10.3389/fonc.2023.1177681,37441419,verified (Crossref + PubMed),Fabbri,2023,Front Oncol,Pathologic response and survival after neoadjuvant chemotherapy with or without pertuzumab in patients with HER2-positive breast cancer: the Neopearl nationwide collaborative study,1,TRUE,2026-10-09
cheng2022csbrs015,real_world,10.1097/CM9.0000000000002197,36535009,verified (Crossref + PubMed),Cheng,2022,Chin Med J (Engl),Neoadjuvant therapy for early human epidermal growth factor receptor 2 positive breast cancer in China: A multicenter real-world study (CSBrS-015),1,TRUE,2026-10-09
diazredondo2019pam50,real_world,10.3389/fonc.2019.01178,31750258,verified (Crossref + PubMed),Díaz-Redondo,2019,Front Oncol,Different Pathological Complete Response Rates According to PAM50 Subtype in HER2+ Breast Cancer Patients Treated With Neoadjuvant Pertuzumab/Trastuzumab vs. Trastuzumab Plus Standard Chemotherapy: An Analysis of Real-World Data,1,TRUE,2026-10-09
spring2018realworld,real_world,10.1007/s10549-018-4959-8,30220055,verified (Crossref + PubMed),Spring,2018,Breast Cancer Res Treat,Effectiveness and tolerability of neoadjuvant pertuzumab-containing regimens for HER2-positive localized breast cancer,1,TRUE,2026-10-09
matsas2026metaanalysis,real_world,10.31557/APJCP.2026.27.3.813,41793659,verified (Crossref + PubMed),Matsas,2026,Asian Pac J Cancer Prev,Pertuzumab and Pathological Complete Response in Early HER2+ Breast Cancer: A Systematic Review and Meta-analysis of Real-World Studies,1,TRUE,2026-10-09
vonminckwitz2019katherine,residual,10.1056/NEJMoa1814017,30516102,verified (Crossref + PubMed),von Minckwitz,2019,N Engl J Med,Trastuzumab Emtansine for Residual Invasive HER2-Positive Breast Cancer,1,TRUE,2026-10-09
geyer2025katherineos,residual,10.1056/NEJMoa2406070,39813643,verified (Crossref + PubMed),Geyer,2025,N Engl J Med,Survival with Trastuzumab Emtansine in Residual HER2-Positive Breast Cancer,1,TRUE,2026-10-09
yau2022rcb,residual,10.1016/S1470-2045(21)00589-1,34902335,verified (Crossref + PubMed),Yau,2022,Lancet Oncol,Residual cancer burden after neoadjuvant chemotherapy and long-term survival outcomes in breast cancer: a multicentre pooled analysis of 5161 patients,1,TRUE,2026-10-09
wong2019itc,residual,10.1245/s10434-019-07517-2,31228134,verified (Crossref + PubMed),Wong,2019,Ann Surg Oncol,Prognostic Significance of Residual Axillary Nodal Micrometastases and Isolated Tumor Cells After Neoadjuvant Chemotherapy for Breast Cancer,1,TRUE,2026-10-09
montagna2025icaro,residual,10.1200/JCO.24.01052,39509672,verified (Crossref + PubMed),Montagna,2025,J Clin Oncol,Nodal Burden and Oncologic Outcomes in Patients With Residual Isolated Tumor Cells After Neoadjuvant Chemotherapy (ypN0i+): The OPBC-05/ICARO Study,1,TRUE,2026-10-09
provenzano2015bignabcg,pcr,10.1038/modpathol.2015.74,26205180,verified (Crossref + PubMed),Provenzano,2015,Mod Pathol,Standardization of pathologic evaluation and reporting of postneoadjuvant specimens in clinical trials of breast cancer: recommendations from an international working group,1,TRUE,2026-10-09
bossuyt2015bignabcg,pcr,10.1093/annonc/mdv161,26019189,verified (Crossref + PubMed),Bossuyt,2015,Ann Oncol,Recommendations for standardized pathological characterization of residual disease for neoadjuvant clinical trials of breast cancer by the BIG-NABCG collaboration,1,TRUE,2026-10-09
bossuyt2024iccr,pcr,10.1111/his.15165,38443320,verified (Crossref + PubMed),Bossuyt,2024,Histopathology,A dedicated structured data set for reporting of invasive carcinoma of the breast in the setting of neoadjuvant therapy: recommendations from the International Collaboration on Cancer Reporting (ICCR),1,TRUE,2026-10-09
li2018overlap,methods,10.1080/01621459.2016.1260466,"",verified (Crossref; not indexed in PubMed),Li,2018,Journal of the American Statistical Association,Balancing Covariates via Propensity Score Weighting,,,2026-10-09
li2019extreme,methods,10.1093/aje/kwy201,30189042,verified (Crossref + PubMed),Li,2019,Am J Epidemiol,Addressing Extreme Propensity Scores via the Overlap Weights,1,TRUE,2026-10-09
thomas2020overlapjama,methods,10.1001/jama.2020.7819,32369102,verified (Crossref + PubMed),Thomas,2020,JAMA,Overlap Weighting: A Propensity Score Method That Mimics Attributes of a Randomized Clinical Trial,1,TRUE,2026-10-09
hernan2016targettrial,methods,10.1093/aje/kwv254,26994063,verified (Crossref + PubMed),Hernán,2016,Am J Epidemiol,Using Big Data to Emulate a Target Trial When a Randomized Trial Is Not Available,0.918,TRUE,2026-10-09
vanderweele2017evalue,methods,10.7326/M16-2607,28693043,verified (Crossref + PubMed),VanderWeele,2017,Ann Intern Med,Sensitivity Analysis in Observational Research: Introducing the E-Value,1,TRUE,2026-10-09
leyrat2019mips,methods,10.1177/0962280217713032,28573919,verified (Crossref + PubMed),Leyrat,2019,Stat Methods Med Res,Propensity score analysis with partially observed covariates: How should multiple imputation be used?,1,TRUE,2026-10-09
vonelm2007strobe,methods,10.1016/S0140-6736(07)61602-X,18064739,verified (Crossref + PubMed),von Elm,2007,Lancet,The Strengthening the Reporting of Observational Studies in Epidemiology (STROBE) statement: guidelines for reporting observational studies,1,TRUE,2026-10-09
